City_ID,City,Country,Max Temp,Current Description,Lat,Lng,Hotel Name
1,Bluff,NZ,60.64,few clouds,-46.6,168.3333,Bluff Homestead - Guesthouse & Campervan Park
3,Klaksvik,FO,45.52,broken clouds,62.2266,-6.589,Airbnb rooms
5,Kapaa,US,76.98,overcast clouds,22.0752,-159.319,Sheraton Kauai Coconut Beach Resort
6,East London,ZA,70.74,clear sky,-33.0153,27.9116,Tu Casa
7,Izumo,JP,53.55,broken clouds,35.3667,132.7667,Toyoko-Inn Izumoshi ekimae
8,Alofi,NU,78.69,broken clouds,-19.0595,-169.9187,Taloa Heights
9,Monkey Bay,MW,73.38,overcast clouds,-14.0728,34.9201,Monkey Bay Beach Lodge
11,Busselton,AU,77.94,clear sky,-33.65,115.3333,Observatory Guest House
14,Rikitea,PF,79.84,clear sky,-23.1203,-134.9692,People ThankYou
16,Matay,EG,58.15,overcast clouds,28.419,30.7792,Nag Aespen
17,Castro,BR,57.51,overcast clouds,-24.7911,-50.0119,CHACARA BAILLY
19,Andenes,NO,42.78,light rain,69.3143,16.1194,Hotell Marena
20,Mataura,NZ,60.98,few clouds,-46.1927,168.8643,Ellie's Villa
21,Wanxian,CN,52.86,overcast clouds,30.8039,108.3897,7Days Inn Chongqing Shiqiaopu
22,Beitbridge,ZW,71.44,clear sky,-22.2167,30.0,Beitbridge Express Hotel
26,Bethel,US,45.93,overcast clouds,41.3712,-73.414,Courtyard by Marriott Danbury
27,Ushuaia,AR,46.06,few clouds,-54.8,-68.3,Albatross Hotel
30,Dunedin,NZ,59.81,overcast clouds,-45.8742,170.5036,Scenic Hotel Southern Cross
31,Hobart,AU,74.23,broken clouds,-42.8794,147.3294,St Ives Hobart Accommodation Tasmania
32,Sitka,US,42.69,overcast clouds,57.0531,-135.33,Westmark Sitka
33,Hun,LY,51.3,overcast clouds,29.1268,15.9477,Alrwasi Hotel
36,Geraldton,AU,79.21,clear sky,-28.7667,114.6,Broadwater Mariner Resort
37,Tricase,IT,40.93,clear sky,39.9304,18.3553,Hotel Adriatico
38,Chuy,UY,63.55,overcast clouds,-33.6971,-53.4616,Nuevo Hotel Plaza
39,Laguna,US,55.69,clear sky,38.421,-121.4238,"Holiday Inn Express & Suites Elk Grove Central - Hwy 99, an IHG Hotel"
40,Maceio,BR,76.44,broken clouds,-9.6658,-35.7353,Hotel Ponta Verde Macei√≥
42,Lompoc,US,52.7,mist,34.6391,-120.4579,"Holiday Inn Express Lompoc, an IHG Hotel"
44,Cuamba,MZ,73.51,scattered clouds,-14.8031,36.5372,Hotel Vision
48,Kutum,SD,74.61,clear sky,14.2,24.6667,Dibbo areaŸÖŸÜÿ∑ŸÇÿ© ÿØÿ®Ÿà
52,Kabinda,CD,74.32,light rain,-6.1333,24.4833,Village Mianda Mutole
55,Bredasdorp,ZA,71.11,few clouds,-34.5322,20.0403,Bredasdorp Country Manor
57,Kahului,US,73.85,broken clouds,20.8947,-156.47,Maui Seaside Hotel
58,Kaitangata,NZ,58.05,few clouds,-46.2817,169.8464,Kaitangata Motor Camp
61,Masallatah,LY,52.57,overcast clouds,32.6167,14.0,Mustafa Taher Sowaidan
62,Port Elizabeth,ZA,73.31,scattered clouds,-33.918,25.5701,39 On Nile Guest House
63,Sinnamary,GF,75.99,overcast clouds,5.3833,-52.95,ALETHEIA Appartement Sinnamary
64,Cape Town,ZA,68.11,clear sky,-33.9258,18.4232,"Radisson Blu Hotel Waterfront, Cape Town"
67,Lebanon,US,51.46,broken clouds,36.2081,-86.2911,Hampton Inn & Suites Lebanon
68,Bubaque,GW,74.86,overcast clouds,11.2833,-15.8333,"Casa Dora, Bubaque"
71,Ribeira Grande,PT,56.41,overcast clouds,38.5167,-28.7,Quinta da Meia Eira
72,Ryotsu,JP,41.45,overcast clouds,38.0833,138.4333,Sadokamoko Onsen Kohanno Yado Yoshidaya
73,Bani,DO,76.86,few clouds,18.2833,-70.3333,Hospedaje Henriquez
74,Atuona,PF,78.93,light rain,-9.8,-139.0333,Villa Enata
76,Namibe,AO,74.48,overcast clouds,-15.1961,12.1522,Hotel Chik Chik Namibe
77,Puerto Ayora,EC,74.55,few clouds,-0.7393,-90.3518,Finch Bay Galapagos Hotel
78,Souillac,MU,79.18,thunderstorm with light rain,-20.5167,57.5167,Shanti Maurice Resort & Spa
80,Iquitos,PE,75.24,broken clouds,-3.7481,-73.2472,Cortez Malaga Techy Caroly
81,Umm Lajj,SA,72.07,clear sky,25.0213,37.2685,Moon light Furnished Units
82,Marienburg,PL,42.57,clear sky,54.0359,19.0266,Hotel Centrum Malbork
83,Bastos,BR,65.93,broken clouds,-21.9219,-50.7339,TSURU HOTEL POUSADA retomaremos as atividades a partir do dia 06 de abril de 2022.
84,Rapid Valley,US,44.33,clear sky,44.0625,-103.1463,Fairfield Inn & Suites by Marriott Rapid City
86,Saldanha,ZA,62.65,clear sky,-33.0117,17.9442,Blue Bay Lodge
88,Sao Joao Da Barra,BR,73.17,overcast clouds,-21.6403,-41.0511,Pousada Porto De Canoas
89,Punta Arenas,CL,44.71,clear sky,-53.15,-70.9167,Hotel Hain
93,Sao Filipe,CV,69.08,few clouds,14.8961,-24.4956,Hotel Xaguate
94,Komsomolskiy,UZ,48.92,broken clouds,40.4272,71.7189,Ikathouse
95,Caravelas,BR,74.62,clear sky,-17.7125,-39.2481,Pousada dos Navegantes
96,Cabo San Lucas,MX,72.52,overcast clouds,22.8909,-109.9124,Hotel Tesoro Los Cabos
97,Buraydah,SA,64.85,clear sky,26.326,43.975,M√∂venpick Qassim
101,Port Alfred,ZA,75.49,clear sky,-33.5906,26.891,The Halyards Hotel
102,Mar Del Plata,AR,61.88,clear sky,-38.0023,-57.5575,Gran Hotel Mar del Plata
105,Carmarthen,GB,46.33,overcast clouds,51.8555,-4.3054,Ivy Bush Royal Hotel by Compass Hospitality
107,Muros,ES,51.67,overcast clouds,42.7762,-9.0603,Apartment Av. Castelao
110,Hilo,US,73.13,moderate rain,19.7297,-155.09,Hilo Hawaiian Hotel
113,Teguise,ES,53.82,few clouds,29.0605,-13.564,B&B La Casona de Nazaret
115,Naze,JP,68.92,broken clouds,28.3667,129.4833,Shishime Hotel
117,Hermanus,ZA,72.81,clear sky,-34.4187,19.2345,Misty Waves Boutique Hotel
121,Ponta Do Sol,PT,59.05,overcast clouds,32.6667,-17.1,Hotel do Campo
123,Chicama,PE,63.14,light rain,-7.8447,-79.1469,Balihai Bungalows
126,Arraial Do Cabo,BR,74.95,light rain,-22.9661,-42.0278,Pousada Porto Praia
127,Cidreira,BR,67.96,overcast clouds,-30.1811,-50.2056,Hotel Castelo
128,New Norfolk,AU,73.89,overcast clouds,-42.7826,147.0587,The Shingles Riverside Cottages
129,Iquique,CL,66.02,broken clouds,-20.2208,-70.1431,Backpacker`s Hostel Iquique
133,Hami,CN,48.6,overcast clouds,42.8,93.45,Laoyutang Resort
135,Praia Da Vitoria,PT,55.76,few clouds,38.7333,-27.0667,Hotel Branco I
137,Port Hardy,CA,44.6,overcast clouds,50.6996,-127.4199,Airport Inn-Port Hardy
139,Wilmington Island,US,53.98,clear sky,32.0036,-80.9737,Breezeway Studio Manor LLC
140,Hatillo,PR,74.1,clear sky,18.4863,-66.8254,El Buen Hotel
142,Bonthe,SL,74.57,overcast clouds,7.5264,-12.505,Bonthe Holiday Village
143,Hualmay,PE,69.08,overcast clouds,-11.0964,-77.6139,Hotel Villa Kitzia Huacho
144,Fortuna,US,43.72,clear sky,40.5982,-124.1573,Super 8 by Wyndham Fortuna
145,Tucuman,AR,59.0,overcast clouds,-26.8241,-65.2226,Dallas Hotel Tucuman
146,Hervey Bay,AU,76.39,clear sky,-25.2986,152.8535,Shelly Bay Resort
153,Tromso,NO,42.82,light rain,69.6496,18.957,"Radisson Blu Hotel, Troms√∏"
154,Requena,ES,47.52,overcast clouds,39.4883,-1.1004,Hotel Avenida
160,Thohoyandou,ZA,66.02,broken clouds,-22.9456,30.485,Masili Guesthouse & Conference
161,Cayenne,GF,79.09,broken clouds,4.9333,-52.3333,H√¥tel Le Dronmi
162,Stephenville,US,61.92,scattered clouds,32.2207,-98.2023,La Quinta Inn & Suites by Wyndham Stephenville
165,Paducah,US,54.19,clear sky,37.0834,-88.6001,"Holiday Inn Paducah Riverfront, an IHG Hotel"
170,Robe,AU,63.25,few clouds,-37.1833,139.75,Harbour View Motel
172,Gimbi,ET,78.03,few clouds,9.1667,35.8333,Sam home
173,Basco,PH,78.46,overcast clouds,20.4487,121.9702,Nathaniel's Lodge
174,Lagoa,PT,54.66,overcast clouds,39.05,-27.9833,Casa Das Faias
175,Lebu,CL,55.96,scattered clouds,-37.6167,-73.65,Hostal Las Lilas
178,Mwinilunga,ZM,68.61,scattered clouds,-11.7358,24.4293,Kwakuwahi Lodge
179,Mattru,SL,73.49,overcast clouds,7.6244,-11.8332,"Mondkor Town, Bagbo Chiefdom, Bo District"
180,Rawson,AR,64.33,overcast clouds,-43.3002,-65.1023,Hosteria Sampedro
183,Pisco,PE,68.05,smoke,-13.7,-76.2167,Hotel San Isidro Oficial
185,Safaga,EG,65.34,clear sky,26.7292,33.9365,Lamar Resort Abu Soma
187,Basoko,CD,79.39,overcast clouds,1.2391,23.616,Jackyna Hotel
189,Bartica,GY,73.72,overcast clouds,6.4,-58.6167,Sloth Island Nature Resort
194,Muroto,JP,54.0,scattered clouds,33.2833,134.15,Oota Ryokan
201,Katsuura,JP,49.41,overcast clouds,35.1333,140.3,Katsuura Hotel Mikazuki
203,Staszow,PL,42.91,clear sky,50.5631,21.1659,"Hotel Rytwiany ""Pa≈Çac"""
205,Kimberley,ZA,64.09,clear sky,-28.7323,24.7623,Welgewandel Guesthouse
211,Tuatapere,NZ,57.16,scattered clouds,-46.1333,167.6833,Ron and Tony's Bed & Breakfast
213,Sorland,NO,44.46,overcast clouds,67.667,12.6934,Sjybrygga fiskecamp
214,Agua Blanca,GT,63.05,scattered clouds,14.5,-89.65,HOTEL CASA JUAN MANUEL
220,Axim,GH,79.38,broken clouds,4.8699,-2.2405,Axim Beach Resort And Spa
222,Antofagasta,CL,64.6,scattered clouds,-23.65,-70.4,"Holiday Inn Express Antofagasta, an IHG Hotel"
223,Westport,US,46.62,clear sky,41.1415,-73.3579,The Inn at Longshore
224,Kaeo,NZ,66.22,light rain,-35.1,173.7833,Bushido Lodge
227,Trairi,BR,74.88,broken clouds,-3.2778,-39.2689,janelas do mar
229,Najran,SA,75.85,clear sky,17.4924,44.1277,ŸÖÿ≠ŸÖÿØ ŸáÿßÿØŸä ÿßŸÑ ŸÅÿ∑Ÿäÿ≠
230,Acarau,BR,76.57,overcast clouds,-2.8856,-40.12,castelo pizzaria
231,Dilla,ET,77.54,light rain,6.41,38.31,Afomiya Pension
233,Vao,NC,78.39,overcast clouds,-22.6667,167.4833,Hotel Kou-Bugny
234,Karpathos,GR,49.96,scattered clouds,35.507,27.2132,Alex
235,Kruisfontein,ZA,69.89,clear sky,-34.0033,24.7314,Oyster Bay House Rental
237,Nishihara,JP,76.28,broken clouds,26.1842,127.7558,Minshuku Agaihama
238,Shenjiamen,CN,51.82,overcast clouds,29.9576,122.298,Jinjiang Inn Zhoushan Putuo Shenjiamen
240,San Isidro,PE,65.79,clear sky,-12.1167,-77.05,Radisson Hotel Decapolis Miraflores
241,Chinsali,ZM,67.48,overcast clouds,-10.5414,32.0816,Chisakatu Guest House
243,Ulladulla,AU,78.76,clear sky,-35.35,150.4667,Sandpiper Motel
246,Ciudad Bolivar,VE,74.28,broken clouds,8.1222,-63.5497,Hotel Edi
249,Codrington,AU,64.4,overcast clouds,-38.2667,141.9667,Codrington Gardens Bed And Breakfast
250,Hasaki,JP,54.0,scattered clouds,35.7333,140.8333,Inubosaki Kanko Hotel
251,Saint George,US,48.94,clear sky,37.1041,-113.5841,Best Western Plus Abbey Inn
252,Matamoros,MX,70.41,overcast clouds,25.5333,-103.25,Quinta Belem
256,Ruidoso,US,48.96,few clouds,33.3317,-105.673,Inn of the Mountain Gods
260,Montepuez,MZ,74.52,overcast clouds,-13.1256,38.9997,PembaAparthotel
262,Coquimbo,CL,61.65,clear sky,-29.9533,-71.3436,Hotel San Juan
263,Te Anau,NZ,59.9,overcast clouds,-45.4167,167.7167,Kingsgate Hotel Te Anau
265,General Pico,AR,62.51,overcast clouds,-35.6566,-63.7568,Euskadi Hotel
267,Albina,SR,73.15,overcast clouds,5.5,-54.05,Hudace
269,Tomatlan,MX,63.54,overcast clouds,19.9333,-105.25,El Salvial
271,Urumqi,CN,40.15,clear sky,43.801,87.6005,Hua Ling Grand Hotel Urumqi
272,Ucluelet,CA,45.09,overcast clouds,48.9329,-125.5528,Black Rock Oceanfront Resort
273,Makakilo City,US,74.28,light rain,21.3469,-158.0858,Marriott's Ko Olina Beach Club
275,Isla Mujeres,MX,77.16,clear sky,21.2311,-86.731,Hotel La Joya Isla Mujeres
276,Dengzhou,CN,43.29,overcast clouds,37.8086,120.7508,Greentree Inn Penglai Free Harbor Business Hotel
277,Puerto Del Rosario,ES,58.75,few clouds,28.5004,-13.8627,Hotel JM Puerto del Rosario
279,Kenora,CA,40.17,overcast clouds,49.8167,-94.4337,Maynard Lake Lodge
280,Ribeira Brava,PT,59.05,overcast clouds,32.65,-17.0667,Hotel do Campo
283,Weymouth,US,45.48,overcast clouds,42.2209,-70.9398,Arbor Inn Motor Lodge
284,Guerrero Negro,MX,57.56,few clouds,27.9769,-114.0611,"Casa Laguna, Bed & Breakfast"
285,Farafangana,MG,77.23,light rain,-22.8167,47.8333,Miarina
286,Miyazu,JP,48.4,scattered clouds,35.5333,135.1833,Seikiro
287,Griffith,US,49.89,clear sky,41.5284,-87.4237,Apartment above Depot Bar
289,Alta Floresta,BR,69.58,overcast clouds,-9.8756,-56.0861,Floresta Amazonica Hotel
290,Tahta,EG,62.92,scattered clouds,26.7693,31.5021,ŸÅŸÜÿØŸÇ ÿßŸÑÿ≤Ÿäÿßÿ™
292,Vestmanna,FO,43.72,overcast clouds,62.1564,-7.1664,Vestmanna Camping
295,Dalaba,GN,64.98,overcast clouds,10.7,-12.25,H√¥tel Tangama
297,Maun,BW,72.73,few clouds,-19.9833,23.4167,Enviro Villa
299,Morgantown,US,41.76,clear sky,39.6295,-79.9559,Morgantown Marriott at Waterfront Place
302,Marsh Harbour,BS,73.42,overcast clouds,26.5412,-77.0636,Abaco Beach Resort
303,Dandong,CN,43.09,overcast clouds,40.1292,124.3947,Yiranju Farmstay
304,Jacareacanga,BR,72.32,overcast clouds,-6.2222,-57.7528,Casa do Ianüòé
306,Tumaco,CO,76.33,overcast clouds,1.7986,-78.8156,Uni√≥n Victoria
310,Richland,US,40.19,few clouds,40.7834,-82.5499,Hampton Inn Mansfield/Ontario
312,Francisco Sa,BR,66.69,few clouds,-16.4758,-43.4883,Amaralina Hotel
314,Tottori,JP,50.07,broken clouds,35.5,134.2333,Hotel Monarque Tottori
315,Lucea,JM,75.06,scattered clouds,18.451,-78.1736,Grand Palladium Jamaica Resort & Spa
316,Tsuyama,JP,56.82,overcast clouds,35.05,134.0,Tsuyama Central Hotel Annex
319,Wanaka,NZ,60.58,overcast clouds,-44.7,169.15,Wanaka Homestead Lodge and Cottages
322,Salinopolis,BR,77.0,light rain,-0.6136,-47.3561,Salinas Park Resort Ma√ßarico AP101
327,Saint-Francois,FR,49.68,clear sky,46.4154,3.9054,Manoir Du Bonheur
328,Kaabong,UG,79.79,clear sky,3.4836,34.1492,Rock Motel Ltd
331,Tayoltita,MX,55.17,few clouds,24.0833,-105.9333,Hotel Rivera Tayoltita
332,Vardo,NO,40.57,overcast clouds,70.3705,31.1107,Vard√∏ Hotel AS
336,Vila,PT,47.28,overcast clouds,42.0304,-8.1588,Hotel Castrum Villae by Walk Hotels
338,Delta Del Tigre,UY,55.51,clear sky,-34.7633,-56.3853,FINCA SUAREZ
340,Kemise,ET,75.2,overcast clouds,10.7167,39.8667,Hussen Endris
341,Faya,SA,68.11,clear sky,18.3851,42.4509,ÿßŸÖŸÑÿßŸÉ ÿÆÿßŸÑÿØ ÿßŸÑÿ¥ÿπÿ¥Ÿàÿπ
345,Peachland,CA,43.99,overcast clouds,49.7665,-119.7357,Wine Stopper B&B
349,Jumla,NP,67.05,scattered clouds,29.2747,82.1838,Royal Garden Hotel
350,Lerwick,GB,42.8,clear sky,60.1545,-1.1494,The Lerwick Hotel
351,Kyaikto,MM,79.74,overcast clouds,17.3,97.0167,·Äî·ÄÆ·Äú·Ä¨ ·Äê·Ää·Ä∫·Ä∏·ÄÅ·Ä≠·ÄØ·ÄÅ·Äî·Ä∫·Ä∏
354,Brae,GB,42.01,clear sky,60.3964,-1.353,Busta House Hotel
358,Bandar-E Lengeh,IR,77.11,few clouds,26.5579,54.8807,⁄©ÿßŸÅ€å ŸÜÿ™ Ÿæÿßÿ±ÿ≥
359,Richards Bay,ZA,75.16,few clouds,-28.783,32.0377,BON Hotel Waterfront Richards Bay
361,Kindu,CD,75.36,overcast clouds,-2.95,25.95,R√©sidence Okanda
363,Kota Belud,MY,77.86,overcast clouds,6.351,116.4305,Tang Dynasty Lodge Kota Belud
365,Pionerskiy,RU,41.76,clear sky,54.9508,20.2275,Baltica Pension
367,Yining,CN,50.18,overcast clouds,29.0361,114.5636,Xiushui Hotel
368,Portland,US,45.61,light rain,45.5234,-122.6762,Embassy Suites by Hilton Portland Downtown
370,Otradnoye,RU,41.56,clear sky,59.7775,30.8181,Baza otdikha Petrushinsky Khutor
372,Semirom,IR,51.08,overcast clouds,31.4167,51.5667,Motel Dena
373,Barcelos,PT,56.91,overcast clouds,41.5388,-8.6151,Hotel Restaurante Bagoeira
374,Biak,ID,76.87,overcast clouds,-0.9131,122.8766,Penginapan Kim
376,Svetlyy,RU,41.97,clear sky,54.675,20.1347,"Gostinitsa-Kafe, Alena"
377,Sechura,PE,72.81,overcast clouds,-5.5569,-80.8222,Hospedaje Costa Bella
378,Ixtapa,MX,67.23,broken clouds,20.7,-105.2,hotel la terminal
379,Mercedes,AR,58.78,light rain,-34.6515,-59.4307,Posada del Inti Centro
380,Luanda,AO,76.93,light rain,-8.8368,13.2343,EPIC SANA Luanda
381,Shakiso,ET,62.65,light rain,5.75,38.9167,Bealu Girma Hottel
382,Hibbing,US,42.15,few clouds,47.4272,-92.9377,Americas Best Value Inn Hibbing
385,Fenoarivo,MG,66.27,broken clouds,-18.933,47.4354,Skyfol Ambodiafontsy
386,Grand-Lahou,CI,77.65,overcast clouds,5.1367,-5.0242,Hotel Beatitude de Grand Lahou
388,Tawang,IN,61.21,scattered clouds,27.5833,91.8667,Hotel Mount View
392,Sartana,UA,42.85,overcast clouds,47.1744,37.6927,–°–∞—Ä—Ç–∞–Ω–∞
394,Hamilton,US,50.31,clear sky,39.1834,-84.5333,Six Acres Bed & Breakfast
401,Faratsiho,MG,63.25,overcast clouds,-19.4,46.95,LAVILLA FARATSIHO
405,Xicotencatl,MX,69.53,scattered clouds,23.0167,-98.8833,Misioneros V√°zquez Mireles
406,Iguape,BR,71.24,few clouds,-24.7081,-47.5553,Hotel Pousada Nossa Senhora do Carmo
407,Rio Cuarto,AR,58.48,broken clouds,-33.1307,-64.3499,Hotel Menossi
410,Santa Cruz Do Rio Pardo,BR,66.6,broken clouds,-22.8989,-49.6325,Restaurante e Pousada Os Galeguinhos
411,Ourossogui,SN,78.8,clear sky,15.6064,-13.3211,Hotel welma
412,Anzio,IT,48.31,scattered clouds,41.4853,12.6179,Hotel Lido Garda
414,Freeport,US,47.25,clear sky,40.6576,-73.5832,The Freeport Inn and Marina
416,Carmen,MX,77.67,overcast clouds,18.6333,-91.8333,Hotel Lossandes
417,Constitucion,CL,57.78,scattered clouds,-35.3333,-72.4167,Hotel Boutique Las Azucenas
418,Chimore,BO,69.55,broken clouds,-16.9833,-65.1333,Bichito
419,Port Hueneme,US,58.57,clear sky,34.1478,-119.1951,Hampton Inn Channel Islands Harbor
422,Hokitika,NZ,60.96,moderate rain,-42.7167,170.9667,Beachfront Hotel Hokitika
423,Scottsbluff,US,53.83,broken clouds,41.8666,-103.6672,Hampton Inn & Suites Scottsbluff-Conference Center
426,Huarmey,PE,70.43,overcast clouds,-10.0681,-78.1522,Hotel Miramar
430,Embonas,GR,44.83,clear sky,36.2269,27.8564,Hotel Ataviros
431,Rocha,UY,52.18,clear sky,-34.4833,-54.3333,Hotel Arrarte
432,Yuanping,CN,51.08,overcast clouds,38.7153,112.7575,Yuanping Xinghe Guesthouse
433,Kirando,TZ,76.28,light rain,-7.4167,30.6,Lakeshore Lodge
435,Babu,CN,79.03,overcast clouds,24.4167,111.5167,IU Hotel Hezhou Bus Terminal
439,Port Macquarie,AU,76.89,clear sky,-31.4333,152.9167,Rydges Port Macquarie
441,Heze,CN,50.11,overcast clouds,35.2431,115.4411,Hanting Express Heze North Mudang Road University Town
442,Pimentel,PE,70.47,overcast clouds,-6.8367,-79.9342,Hotel Puerto del Sol
446,Angol,CL,51.21,few clouds,-37.8,-72.7167,Hostal Gina
450,Zhaotong,CN,59.0,scattered clouds,27.3167,103.7167,Jingguan Home
458,Santa Isabel Do Rio Negro,BR,72.41,light rain,-0.4139,-65.0192,Hotel GSA
459,Mpongwe,ZM,68.67,clear sky,-13.5091,28.155,Casablanca guest house and bar
460,Mega,ET,72.77,overcast clouds,4.05,38.3,Amanuel Guest House
467,Ancud,CL,56.23,broken clouds,-41.8697,-73.8203,Hotel Arena Gruesa
469,Behshahr,IR,47.26,overcast clouds,36.6923,53.5526,Abbas Abad Hotel & Restaurant
472,Stornoway,GB,44.56,clear sky,58.2093,-6.3865,Caladh Inn
473,Weinan,CN,52.83,light rain,34.5036,109.5089,Thank Inn Chain Hotel shanxi weinan linwei district jiefang road
474,Riyadh,SA,73.54,overcast clouds,24.6877,46.7219,"InterContinental Riyadh, an IHG Hotel"
475,Bergerac,FR,53.78,clear sky,44.8333,0.5,"The Originals City, H√¥tel de Bordeaux, Bergerac (Inter-Hotel)"
478,Les Cayes,HT,75.7,scattered clouds,18.2,-73.75,Villa Orphee
479,Tibu,CO,73.38,overcast clouds,8.639,-72.7358,Hotel Yuliana's
480,Port Lincoln,AU,69.66,overcast clouds,-34.7333,135.8667,Port Lincoln Hotel
483,Vila Franca Do Campo,PT,57.61,overcast clouds,37.7167,-25.4333,Pestana Bahia Praia
485,Carbonia,IT,41.65,scattered clouds,39.1672,8.5222,Lu 'Hotel
487,Juripiranga,BR,76.39,scattered clouds,-7.3733,-35.2381,Casa de Pedro Hugo Machado
489,Saint Anthony,US,52.97,overcast clouds,45.0205,-93.218,"Holiday Inn Express Roseville-St. Paul, an IHG Hotel"
491,Kibala,TD,76.95,clear sky,9.1104,18.3463,hotel safari
495,Shache,CN,57.51,clear sky,38.4167,77.2406,Delong Hotel
496,Ajdabiya,LY,50.27,clear sky,30.7554,20.2263,Almadina Hotel
497,Sinazongwe,ZM,71.17,overcast clouds,-17.2614,27.4618,Lakeview Lodge
501,Lahad Datu,MY,77.05,overcast clouds,5.0268,118.327,The 27th House
507,Bathsheba,BB,75.81,few clouds,13.2167,-59.5167,Atlantis Hotel
509,Iralaya,HN,77.59,overcast clouds,15.0,-83.2333,Iglesia morava renovada
514,Podor,MR,71.55,clear sky,16.6527,-14.9587,Auberge Du T√©krour
515,San Vicente,AR,56.32,clear sky,-26.6167,-54.1333,Complejo Tur√≠stico Farelluk
518,Jos,NG,77.31,overcast clouds,9.9167,8.9,Silk Suites
521,Havoysund,NO,46.63,overcast clouds,70.9963,24.6622,Arctic View Glamping & Restaurant
522,Touros,BR,77.56,broken clouds,-5.1989,-35.4608,INN NEW HORIZON
523,Lata,PT,51.93,overcast clouds,40.1629,-8.3327,Casa Maquia
524,Santiago,CL,62.85,clear sky,-33.4569,-70.6483,Hotel Panamericano
526,Madison Heights,US,43.05,clear sky,42.4859,-83.1052,Red Roof Inn Detroit - Warren
529,Hofn,IS,40.41,overcast clouds,64.2539,-15.2082,H√≥tel H√∂fn
530,Gat,IL,53.4,broken clouds,31.61,34.7642,OlusHome
535,Sawakin,SD,76.19,clear sky,19.1059,37.3321,ŸÅŸÜÿØŸÇ ÿßŸÑÿØŸàŸäŸÖ
536,Coahuayana,MX,68.13,clear sky,18.7333,-103.6833,El rranchito michuacan de ocampos
538,Shakawe,BW,69.8,overcast clouds,-18.3667,21.85,Ditlhapi Guest House
539,Koscierzyna,PL,40.84,clear sky,54.1223,17.9812,Bazuny Hotel & SPA Kaszuby
541,El Tigre,VE,72.46,broken clouds,8.8875,-64.2454,Hotel Santa Cruz
542,Owando,CG,70.09,light rain,-0.4819,15.8999,Exaunel Hotel Owando
543,Vila Velha,BR,72.95,scattered clouds,-20.3297,-40.2925,Hotel Vit√≥ria Palace
544,Lake Havasu City,US,66.81,scattered clouds,34.4839,-114.3224,Heat Hotel
546,Mount Gambier,AU,69.71,broken clouds,-37.8333,140.7667,The Commodore
547,Cockburn Town,TC,77.43,clear sky,21.4612,-71.1419,Osprey Beach Hotel
548,Puerto Escondido,MX,78.94,clear sky,15.85,-97.0667,Aldea del Bazar Hotel and Spa
549,Khash,IR,73.09,clear sky,28.2211,61.2158,ÿÆŸàÿßÿ®⁄ØÿßŸá ÿ¢ÿ®ÿ¨€å ŸÖÿ≠ÿØÿ´Ÿá
551,Wuda,CN,48.87,clear sky,39.4994,106.7117,Grape Sightseeing Garden
553,Prince Rupert,CA,42.89,light rain,54.3161,-130.3201,Crest Hotel
554,Nichinan,JP,56.88,overcast clouds,31.6,131.3667,Guest House Aki
559,Marawi,PH,73.76,light rain,7.9986,124.2928,Derogongan Residence
562,Graaff-Reinet,ZA,69.4,clear sky,-32.2522,24.5308,Rietjiesbos Self Catering
563,Kasaoka,JP,59.58,overcast clouds,34.5,133.5,Kasaoka Grand Hotel
567,Luau,AO,69.66,overcast clouds,-10.7073,22.2247,Casa- Bernardo C√¢ndido
568,Esperance,AU,66.04,overcast clouds,-33.8667,121.9,Hospitality Esperance
569,Ipixuna,BR,72.5,overcast clouds,-1.7625,-48.8043,Chal√© do Mato
571,Pahrump,US,55.83,clear sky,36.2083,-115.9839,Best Western Pahrump Oasis
572,Tarauaca,BR,71.11,overcast clouds,-8.1614,-70.7656,Flat Temporada
574,Buchanan,LR,77.47,broken clouds,5.8808,-10.0467,Kamaneahn Hotel Inc
575,Bahia Honda,CU,75.15,broken clouds,22.9036,-83.1592,Casa Gualberto - Deysi
579,Xining,CN,44.74,overcast clouds,36.6167,101.7667,Super Leisure Hotel
580,Gazojak,TM,45.7,broken clouds,41.1875,61.4036,In gowy adamlary√± ya≈õayan oyi
585,Morgan City,US,53.6,clear sky,29.6994,-91.2068,Hampton Inn & Suites Morgan City
588,Carballo,ES,55.87,broken clouds,43.213,-8.691,Pazo do Souto
591,Cabra,ES,49.1,broken clouds,37.4725,-4.4421,MS Fuente Las Piedras
594,Shahreza,IR,62.98,overcast clouds,32.0339,51.8794,ÿÆŸàÿßÿ®⁄ØÿßŸá
595,Hauterive,FR,47.16,overcast clouds,46.0901,3.4459,Aletti Palace Hotel
596,Katesh,TZ,65.55,broken clouds,-4.5167,35.3833,Colt Guest House
600,Farafenni,GM,70.9,broken clouds,13.5667,-15.6,Eddy's Hotel
601,Narbonne,FR,51.76,light rain,43.0833,2.8333,Domaine du Soleil Couchant - Bed & Breakfast in
604,Pacific Grove,US,53.28,clear sky,36.6177,-121.9166,Lovers Point Inn
606,Guatire,VE,74.19,overcast clouds,10.4762,-66.5427,Parque Residencial Canaima I
608,Rosa Zarate,EC,73.08,light rain,0.3333,-79.4667,Piscinas y Recepciones Hecalash
611,Bafra,TR,43.3,broken clouds,41.5678,35.9069,Sevgi Otel
612,Bouillante,GP,73.36,scattered clouds,16.1304,-61.7692,G√Ætes Dardanelle
613,Manaus,BR,75.69,scattered clouds,-3.1019,-60.025,Manaus Hot√©is Millennium
617,Marsaxlokk,MT,50.61,few clouds,35.8419,14.5431,Water's Edge
619,Santa Lucia,ES,51.94,few clouds,27.9117,-15.5407,Las Tirajanas
621,De Haan,BE,42.78,clear sky,51.272,3.0429,Hotel Alizee
622,Comodoro Rivadavia,AR,60.66,light rain,-45.8667,-67.5,Austral Hotel
623,Eureka,US,45.75,overcast clouds,40.8021,-124.1637,Eureka Inn Trademark By Wyndham
624,Nieuw Nickerie,SR,75.69,broken clouds,5.95,-56.9833,Ishwardat Inn
629,Aksu,CN,42.33,overcast clouds,41.1231,80.2644,Pudong Holiday Hotel
632,Pulandian,CN,46.9,overcast clouds,39.3953,121.9669,HR East Hotel
634,Morden,CA,40.08,overcast clouds,49.1919,-98.1014,Morden Motor Inn
635,Seoul,KR,51.19,clear sky,37.5683,126.9778,Î°ØÎç∞Ìò∏ÌÖî ÏÑúÏö∏
639,Roald,NO,44.33,clear sky,62.5833,6.1333,Flem Cabins
640,Birjand,IR,75.67,clear sky,32.8663,59.2211,Birjand Tourist Hotel
641,Lianran,CN,79.34,clear sky,24.9227,102.485,ÂçäÂ≤õÈÖíÂ∫ó
643,Benghazi,LY,52.79,scattered clouds,32.1167,20.0667,Tibesti Hotel
644,Trezzano Sul Naviglio,IT,47.23,clear sky,45.4231,9.0664,Best Western Hotel Goldenmile Milan
645,Santa Cruz Cabralia,BR,73.63,broken clouds,-16.2781,-39.0247,Puerto Princesa Inn
646,Asfi,MA,57.43,clear sky,32.2994,-9.2372,H√¥tel Abda
648,El Fuerte,MX,66.09,clear sky,26.4189,-108.6194,Hotel Rio Vista
649,Sylacauga,US,48.33,overcast clouds,33.1732,-86.2516,"Holiday Inn Express & Suites Sylacauga, an IHG Hotel"
650,Port Blair,IN,78.84,drizzle,11.6667,92.75,"Welcomhotel By ITC Hotels, Bay Island, Port Blair"
651,Ormara,PK,76.89,clear sky,25.2088,64.6357,Kenara Colony house for Rent
652,Gravdal,NO,42.69,shower rain,68.1214,13.5031,Skreda Rorbusuiter
653,San Rafael,AR,57.47,clear sky,-34.6177,-68.3301,Hotel San Rafael
654,Coihaique,CL,49.95,clear sky,-45.5752,-72.0662,Diego De Almagro Coyhaique
655,Kushima,JP,54.48,overcast clouds,31.4583,131.2333,Hanaoka
656,Teahupoo,PF,76.53,few clouds,-17.8333,-149.2667,Vanira Lodge
658,Goroka,PG,68.68,overcast clouds,-6.0834,145.3873,Bird of Paradise Hotel & Apartments
659,Labrea,BR,72.32,overcast clouds,-7.2586,-64.7981,Hotel Novo Horizonte
662,Hattiesburg,US,49.44,clear sky,31.3271,-89.2903,Deluxe Inn
663,Port Arthur,CN,48.42,overcast clouds,38.8,121.2667,Friendship Hotel
664,Ahipara,NZ,65.77,clear sky,-35.1667,173.1667,Ahipara Holiday Park
667,Waipawa,NZ,59.02,moderate rain,-41.4122,175.5153,Tora Coastal Walk
668,Marsabit,KE,72.79,few clouds,2.3284,37.9899,Chicho Hotel
669,Ahuimanu,US,75.45,light rain,21.4447,-157.8378,Paradise Bay Resort
673,Hirara,JP,75.47,broken clouds,24.8,125.2833,Hotel Atoll Emerald Miyakojima
674,Linxia,CN,43.65,overcast clouds,35.6003,103.2064,GreenTree Inn Linxia Autonomous Prefecture Linxia Oxford River Avenue Express Hotel
675,Guiratinga,BR,69.44,overcast clouds,-16.3494,-53.7583,Hotel Angra do Cerrado - Guiratinga MT
676,Nagua,DO,72.25,few clouds,19.3832,-69.8474,Hotel Cambri
680,Christchurch,NZ,62.01,light rain,-43.5333,172.6333,The George
683,Santa Vitoria Do Palmar,BR,63.77,overcast clouds,-33.5189,-53.3681,Hostel Comodoro
684,Esna,EG,64.42,clear sky,25.2934,32.554,Orient Star Dahabyia Isna 05 Nights Each Sunday
685,Lujan,AR,60.51,broken clouds,-34.5703,-59.105,Hotel Biarritz
687,Tarata,BO,56.68,overcast clouds,-17.6167,-66.0167,Hacienda castillo
692,Totness,SR,75.38,broken clouds,5.8833,-56.3167,STAATS LOGEERGEBOUW TOTNESS
695,Peniche,PT,52.11,broken clouds,39.3558,-9.3811,Hotel Star inn Peniche
696,Mehamn,NO,42.71,overcast clouds,71.0357,27.8492,Mehamn Arctic Hotel AS
699,Algeciras,ES,58.68,broken clouds,36.1333,-5.4505,AC Hotel by Marriott Algeciras
701,Elk Point,US,64.24,overcast clouds,42.6833,-96.6836,Hometowne Inn
702,Hvide Sande,DK,41.09,light rain,56.0045,8.1294,Hvide Sande Hotel
705,Bucerias,MX,67.98,overcast clouds,20.75,-105.3333,Royal Decameron Complex - Puerto Vallarta
